<?xml version="1.1" encoding="UTF-8"?>
<linked-hash-map>
  <entry>
    <string>2</string>
    <Tag plugin="workflow-support@968.v8f17397e87b_8">
      <node class="org.jenkinsci.plugins.workflow.graph.FlowStartNode" plugin="workflow-api@1373.v7b_813f10efa_b_">
        <parentIds/>
        <id>2</id>
      </node>
      <actions>
        <s.a.WorkspaceActionImpl>
          <node></node>
          <path>/var/jenkins_home/workspace/JDR-Generator-Code-Quality@script/124363f0a1b25ade85ff4be870a1d258fd087358cffd84009f5ee8df54708837</path>
          <labels class="sorted-set"/>
        </s.a.WorkspaceActionImpl>
        <wf.a.TimingAction plugin="workflow-api@1373.v7b_813f10efa_b_">
          <startTime>1747837243190</startTime>
        </wf.a.TimingAction>
      </actions>
    </Tag>
  </entry>
  <entry>
    <string>3</string>
    <Tag plugin="workflow-support@968.v8f17397e87b_8">
      <node class="cps.n.StepStartNode" plugin="workflow-cps@4106.v7a_8a_8176d450">
        <parentIds>
          <string>2</string>
        </parentIds>
        <id>3</id>
        <descriptorId>org.jenkinsci.plugins.workflow.support.steps.ExecutorStep</descriptorId>
      </node>
      <actions>
        <s.a.LogStorageAction/>
        <wf.a.TimingAction plugin="workflow-api@1373.v7b_813f10efa_b_">
          <startTime>1747837250294</startTime>
        </wf.a.TimingAction>
        <org.jenkinsci.plugins.workflow.support.steps.ExecutorStepExecution_-QueueItemActionImpl plugin="workflow-durable-task-step@1405.v1fcd4a_d00096">
          <id>4</id>
        </org.jenkinsci.plugins.workflow.support.steps.ExecutorStepExecution_-QueueItemActionImpl>
        <s.a.WorkspaceActionImpl>
          <node></node>
          <path>/var/jenkins_home/workspace/JDR-Generator-Code-Quality</path>
          <labels class="sorted-set"/>
        </s.a.WorkspaceActionImpl>
      </actions>
    </Tag>
  </entry>
  <entry>
    <string>4</string>
    <Tag plugin="workflow-support@968.v8f17397e87b_8">
      <node class="cps.n.StepStartNode" plugin="workflow-cps@4106.v7a_8a_8176d450">
        <parentIds>
          <string>3</string>
        </parentIds>
        <id>4</id>
        <descriptorId>org.jenkinsci.plugins.workflow.support.steps.ExecutorStep</descriptorId>
      </node>
      <actions>
        <wf.a.BodyInvocationAction plugin="workflow-api@1373.v7b_813f10efa_b_"/>
        <wf.a.TimingAction plugin="workflow-api@1373.v7b_813f10efa_b_">
          <startTime>1747837251914</startTime>
        </wf.a.TimingAction>
      </actions>
    </Tag>
  </entry>
  <entry>
    <string>5</string>
    <Tag plugin="workflow-support@968.v8f17397e87b_8">
      <node class="cps.n.StepStartNode" plugin="workflow-cps@4106.v7a_8a_8176d450">
        <parentIds>
          <string>4</string>
        </parentIds>
        <id>5</id>
        <descriptorId>org.jenkinsci.plugins.workflow.support.steps.StageStep</descriptorId>
      </node>
      <actions>
        <s.a.LogStorageAction/>
        <cps.a.ArgumentsActionImpl plugin="workflow-cps@4106.v7a_8a_8176d450">
          <arguments>
            <entry>
              <string>name</string>
              <string>Declarative: Checkout SCM</string>
            </entry>
          </arguments>
          <sensitiveVariables/>
          <isUnmodifiedBySanitization>true</isUnmodifiedBySanitization>
        </cps.a.ArgumentsActionImpl>
        <wf.a.TimingAction plugin="workflow-api@1373.v7b_813f10efa_b_">
          <startTime>1747837252974</startTime>
        </wf.a.TimingAction>
      </actions>
    </Tag>
  </entry>
  <entry>
    <string>6</string>
    <Tag plugin="workflow-support@968.v8f17397e87b_8">
      <node class="cps.n.StepStartNode" plugin="workflow-cps@4106.v7a_8a_8176d450">
        <parentIds>
          <string>5</string>
        </parentIds>
        <id>6</id>
        <descriptorId>org.jenkinsci.plugins.workflow.support.steps.StageStep</descriptorId>
      </node>
      <actions>
        <wf.a.BodyInvocationAction plugin="workflow-api@1373.v7b_813f10efa_b_"/>
        <wf.a.LabelAction plugin="workflow-api@1373.v7b_813f10efa_b_">
          <displayName>Declarative: Checkout SCM</displayName>
        </wf.a.LabelAction>
        <wf.a.TimingAction plugin="workflow-api@1373.v7b_813f10efa_b_">
          <startTime>1747837253066</startTime>
        </wf.a.TimingAction>
        <wf.a.TagsAction plugin="workflow-api@1373.v7b_813f10efa_b_">
          <tags>
            <entry>
              <string>SYNTHETIC_STAGE</string>
              <string>PRE</string>
            </entry>
          </tags>
        </wf.a.TagsAction>
      </actions>
    </Tag>
  </entry>
  <entry>
    <string>7</string>
    <Tag plugin="workflow-support@968.v8f17397e87b_8">
      <node class="cps.n.StepAtomNode" plugin="workflow-cps@4106.v7a_8a_8176d450">
        <parentIds>
          <string>6</string>
        </parentIds>
        <id>7</id>
        <descriptorId>org.jenkinsci.plugins.workflow.steps.scm.GenericSCMStep</descriptorId>
      </node>
      <actions>
        <cps.a.ArgumentsActionImpl plugin="workflow-cps@4106.v7a_8a_8176d450">
          <arguments>
            <entry>
              <string>scm</string>
              <org.jenkinsci.plugins.structs.describable.UninstantiatedDescribable plugin="structs@343.vdcf37b_a_c81d5">
                <symbol>scmGit</symbol>
                <arguments class="tree-map">
                  <entry>
                    <string>branches</string>
                    <list>
                      <org.jenkinsci.plugins.structs.describable.UninstantiatedDescribable>
                        <arguments class="tree-map">
                          <entry>
                            <string>name</string>
                            <string>*/jenkins</string>
                          </entry>
                        </arguments>
                        <model resolves-to="org.jenkinsci.plugins.structs.describable.DescribableModel$SerializedForm">
                          <type>hudson.plugins.git.BranchSpec</type>
                        </model>
                      </org.jenkinsci.plugins.structs.describable.UninstantiatedDescribable>
                      <org.jenkinsci.plugins.structs.describable.UninstantiatedDescribable>
                        <arguments class="tree-map">
                          <entry>
                            <string>name</string>
                            <string>*/main</string>
                          </entry>
                        </arguments>
                        <model resolves-to="org.jenkinsci.plugins.structs.describable.DescribableModel$SerializedForm">
                          <type>hudson.plugins.git.BranchSpec</type>
                        </model>
                      </org.jenkinsci.plugins.structs.describable.UninstantiatedDescribable>
                    </list>
                  </entry>
                  <entry>
                    <string>extensions</string>
                    <list/>
                  </entry>
                  <entry>
                    <string>userRemoteConfigs</string>
                    <list>
                      <org.jenkinsci.plugins.structs.describable.UninstantiatedDescribable>
                        <arguments class="tree-map">
                          <entry>
                            <string>url</string>
                            <string>https://github.com/NeoRyu/JDR-Generator</string>
                          </entry>
                        </arguments>
                        <model resolves-to="org.jenkinsci.plugins.structs.describable.DescribableModel$SerializedForm">
                          <type>hudson.plugins.git.UserRemoteConfig</type>
                        </model>
                      </org.jenkinsci.plugins.structs.describable.UninstantiatedDescribable>
                    </list>
                  </entry>
                </arguments>
                <model resolves-to="org.jenkinsci.plugins.structs.describable.DescribableModel$SerializedForm">
                  <type>hudson.plugins.git.GitSCM</type>
                </model>
              </org.jenkinsci.plugins.structs.describable.UninstantiatedDescribable>
            </entry>
          </arguments>
          <sensitiveVariables/>
          <isUnmodifiedBySanitization>true</isUnmodifiedBySanitization>
        </cps.a.ArgumentsActionImpl>
        <wf.a.TimingAction plugin="workflow-api@1373.v7b_813f10efa_b_">
          <startTime>1747837253627</startTime>
        </wf.a.TimingAction>
        <s.a.LogStorageAction/>
      </actions>
    </Tag>
  </entry>
  <entry>
    <string>8</string>
    <Tag plugin="workflow-support@968.v8f17397e87b_8">
      <node class="cps.n.StepEndNode" plugin="workflow-cps@4106.v7a_8a_8176d450">
        <parentIds>
          <string>7</string>
        </parentIds>
        <id>8</id>
        <startId>6</startId>
      </node>
      <actions>
        <wf.a.BodyInvocationAction plugin="workflow-api@1373.v7b_813f10efa_b_"/>
        <wf.a.TimingAction plugin="workflow-api@1373.v7b_813f10efa_b_">
          <startTime>1747837261016</startTime>
        </wf.a.TimingAction>
      </actions>
    </Tag>
  </entry>
  <entry>
    <string>9</string>
    <Tag plugin="workflow-support@968.v8f17397e87b_8">
      <node class="cps.n.StepEndNode" plugin="workflow-cps@4106.v7a_8a_8176d450">
        <parentIds>
          <string>8</string>
        </parentIds>
        <id>9</id>
        <startId>5</startId>
      </node>
      <actions>
        <wf.a.TimingAction plugin="workflow-api@1373.v7b_813f10efa_b_">
          <startTime>1747837261626</startTime>
        </wf.a.TimingAction>
      </actions>
    </Tag>
  </entry>
  <entry>
    <string>10</string>
    <Tag plugin="workflow-support@968.v8f17397e87b_8">
      <node class="cps.n.StepStartNode" plugin="workflow-cps@4106.v7a_8a_8176d450">
        <parentIds>
          <string>9</string>
        </parentIds>
        <id>10</id>
        <descriptorId>org.jenkinsci.plugins.workflow.steps.EnvStep</descriptorId>
      </node>
      <actions>
        <s.a.LogStorageAction/>
        <cps.a.ArgumentsActionImpl plugin="workflow-cps@4106.v7a_8a_8176d450">
          <arguments>
            <entry>
              <string>overrides</string>
              <list>
                <string>GIT_BRANCH=origin/jenkins</string>
                <string>GIT_COMMIT=e43e6799665b956ee011323369b3ed014cf2a5d6</string>
                <string>GIT_URL=https://github.com/NeoRyu/JDR-Generator</string>
              </list>
            </entry>
          </arguments>
          <sensitiveVariables/>
          <isUnmodifiedBySanitization>true</isUnmodifiedBySanitization>
        </cps.a.ArgumentsActionImpl>
        <wf.a.TimingAction plugin="workflow-api@1373.v7b_813f10efa_b_">
          <startTime>1747837261955</startTime>
        </wf.a.TimingAction>
      </actions>
    </Tag>
  </entry>
  <entry>
    <string>11</string>
    <Tag plugin="workflow-support@968.v8f17397e87b_8">
      <node class="cps.n.StepStartNode" plugin="workflow-cps@4106.v7a_8a_8176d450">
        <parentIds>
          <string>10</string>
        </parentIds>
        <id>11</id>
        <descriptorId>org.jenkinsci.plugins.workflow.steps.EnvStep</descriptorId>
      </node>
      <actions>
        <wf.a.BodyInvocationAction plugin="workflow-api@1373.v7b_813f10efa_b_"/>
        <wf.a.TimingAction plugin="workflow-api@1373.v7b_813f10efa_b_">
          <startTime>1747837262017</startTime>
        </wf.a.TimingAction>
      </actions>
    </Tag>
  </entry>
  <entry>
    <string>12</string>
    <Tag plugin="workflow-support@968.v8f17397e87b_8">
      <node class="cps.n.StepStartNode" plugin="workflow-cps@4106.v7a_8a_8176d450">
        <parentIds>
          <string>11</string>
        </parentIds>
        <id>12</id>
        <descriptorId>org.jenkinsci.plugins.workflow.support.steps.StageStep</descriptorId>
      </node>
      <actions>
        <s.a.LogStorageAction/>
        <cps.a.ArgumentsActionImpl plugin="workflow-cps@4106.v7a_8a_8176d450">
          <arguments>
            <entry>
              <string>name</string>
              <string>Checkout Code</string>
            </entry>
          </arguments>
          <sensitiveVariables/>
          <isUnmodifiedBySanitization>true</isUnmodifiedBySanitization>
        </cps.a.ArgumentsActionImpl>
        <wf.a.TimingAction plugin="workflow-api@1373.v7b_813f10efa_b_">
          <startTime>1747837262853</startTime>
        </wf.a.TimingAction>
      </actions>
    </Tag>
  </entry>
  <entry>
    <string>13</string>
    <Tag plugin="workflow-support@968.v8f17397e87b_8">
      <node class="cps.n.StepStartNode" plugin="workflow-cps@4106.v7a_8a_8176d450">
        <parentIds>
          <string>12</string>
        </parentIds>
        <id>13</id>
        <descriptorId>org.jenkinsci.plugins.workflow.support.steps.StageStep</descriptorId>
      </node>
      <actions>
        <wf.a.BodyInvocationAction plugin="workflow-api@1373.v7b_813f10efa_b_"/>
        <wf.a.LabelAction plugin="workflow-api@1373.v7b_813f10efa_b_">
          <displayName>Checkout Code</displayName>
        </wf.a.LabelAction>
        <wf.a.TimingAction plugin="workflow-api@1373.v7b_813f10efa_b_">
          <startTime>1747837262923</startTime>
        </wf.a.TimingAction>
      </actions>
    </Tag>
  </entry>
  <entry>
    <string>14</string>
    <Tag plugin="workflow-support@968.v8f17397e87b_8">
      <node class="cps.n.StepAtomNode" plugin="workflow-cps@4106.v7a_8a_8176d450">
        <parentIds>
          <string>13</string>
        </parentIds>
        <id>14</id>
        <descriptorId>jenkins.plugins.git.GitStep</descriptorId>
      </node>
      <actions>
        <cps.a.ArgumentsActionImpl plugin="workflow-cps@4106.v7a_8a_8176d450">
          <arguments>
            <entry>
              <string>branch</string>
              <string>jenkins</string>
            </entry>
            <entry>
              <string>url</string>
              <string>https://github.com/NeoRyu/JDR-Generator</string>
            </entry>
          </arguments>
          <sensitiveVariables/>
          <isUnmodifiedBySanitization>true</isUnmodifiedBySanitization>
        </cps.a.ArgumentsActionImpl>
        <wf.a.TimingAction plugin="workflow-api@1373.v7b_813f10efa_b_">
          <startTime>1747837263519</startTime>
        </wf.a.TimingAction>
        <s.a.LogStorageAction/>
      </actions>
    </Tag>
  </entry>
  <entry>
    <string>15</string>
    <Tag plugin="workflow-support@968.v8f17397e87b_8">
      <node class="cps.n.StepEndNode" plugin="workflow-cps@4106.v7a_8a_8176d450">
        <parentIds>
          <string>14</string>
        </parentIds>
        <id>15</id>
        <startId>13</startId>
      </node>
      <actions>
        <wf.a.BodyInvocationAction plugin="workflow-api@1373.v7b_813f10efa_b_"/>
        <wf.a.TimingAction plugin="workflow-api@1373.v7b_813f10efa_b_">
          <startTime>1747837272580</startTime>
        </wf.a.TimingAction>
      </actions>
    </Tag>
  </entry>
  <entry>
    <string>16</string>
    <Tag plugin="workflow-support@968.v8f17397e87b_8">
      <node class="cps.n.StepEndNode" plugin="workflow-cps@4106.v7a_8a_8176d450">
        <parentIds>
          <string>15</string>
        </parentIds>
        <id>16</id>
        <startId>12</startId>
      </node>
      <actions>
        <wf.a.TimingAction plugin="workflow-api@1373.v7b_813f10efa_b_">
          <startTime>1747837273638</startTime>
        </wf.a.TimingAction>
      </actions>
    </Tag>
  </entry>
  <entry>
    <string>17</string>
    <Tag plugin="workflow-support@968.v8f17397e87b_8">
      <node class="cps.n.StepStartNode" plugin="workflow-cps@4106.v7a_8a_8176d450">
        <parentIds>
          <string>16</string>
        </parentIds>
        <id>17</id>
        <descriptorId>org.jenkinsci.plugins.workflow.support.steps.StageStep</descriptorId>
      </node>
      <actions>
        <s.a.LogStorageAction/>
        <cps.a.ArgumentsActionImpl plugin="workflow-cps@4106.v7a_8a_8176d450">
          <arguments>
            <entry>
              <string>name</string>
              <string>Code Quality Checks</string>
            </entry>
          </arguments>
          <sensitiveVariables/>
          <isUnmodifiedBySanitization>true</isUnmodifiedBySanitization>
        </cps.a.ArgumentsActionImpl>
        <wf.a.TimingAction plugin="workflow-api@1373.v7b_813f10efa_b_">
          <startTime>1747837273789</startTime>
        </wf.a.TimingAction>
      </actions>
    </Tag>
  </entry>
  <entry>
    <string>18</string>
    <Tag plugin="workflow-support@968.v8f17397e87b_8">
      <node class="cps.n.StepStartNode" plugin="workflow-cps@4106.v7a_8a_8176d450">
        <parentIds>
          <string>17</string>
        </parentIds>
        <id>18</id>
        <descriptorId>org.jenkinsci.plugins.workflow.support.steps.StageStep</descriptorId>
      </node>
      <actions>
        <wf.a.BodyInvocationAction plugin="workflow-api@1373.v7b_813f10efa_b_"/>
        <wf.a.LabelAction plugin="workflow-api@1373.v7b_813f10efa_b_">
          <displayName>Code Quality Checks</displayName>
        </wf.a.LabelAction>
        <wf.a.TimingAction plugin="workflow-api@1373.v7b_813f10efa_b_">
          <startTime>1747837273831</startTime>
        </wf.a.TimingAction>
      </actions>
    </Tag>
  </entry>
  <entry>
    <string>19</string>
    <Tag plugin="workflow-support@968.v8f17397e87b_8">
      <node class="cps.n.StepStartNode" plugin="workflow-cps@4106.v7a_8a_8176d450">
        <parentIds>
          <string>18</string>
        </parentIds>
        <id>19</id>
        <descriptorId>org.jenkinsci.plugins.workflow.steps.EnvStep</descriptorId>
      </node>
      <actions>
        <s.a.LogStorageAction/>
        <cps.a.ArgumentsActionImpl plugin="workflow-cps@4106.v7a_8a_8176d450">
          <arguments>
            <entry>
              <string>overrides</string>
              <list>
                <string>MAVEN_IMAGE=maven:3.8.5-openjdk-17</string>
                <string>NODE_IMAGE=node:20-alpine</string>
              </list>
            </entry>
          </arguments>
          <sensitiveVariables/>
          <isUnmodifiedBySanitization>true</isUnmodifiedBySanitization>
        </cps.a.ArgumentsActionImpl>
        <wf.a.TimingAction plugin="workflow-api@1373.v7b_813f10efa_b_">
          <startTime>1747837274365</startTime>
        </wf.a.TimingAction>
      </actions>
    </Tag>
  </entry>
  <entry>
    <string>20</string>
    <Tag plugin="workflow-support@968.v8f17397e87b_8">
      <node class="cps.n.StepStartNode" plugin="workflow-cps@4106.v7a_8a_8176d450">
        <parentIds>
          <string>19</string>
        </parentIds>
        <id>20</id>
        <descriptorId>org.jenkinsci.plugins.workflow.steps.EnvStep</descriptorId>
      </node>
      <actions>
        <wf.a.BodyInvocationAction plugin="workflow-api@1373.v7b_813f10efa_b_"/>
        <wf.a.TimingAction plugin="workflow-api@1373.v7b_813f10efa_b_">
          <startTime>1747837274423</startTime>
        </wf.a.TimingAction>
      </actions>
    </Tag>
  </entry>
  <entry>
    <string>21</string>
    <Tag plugin="workflow-support@968.v8f17397e87b_8">
      <node class="cps.n.StepStartNode" plugin="workflow-cps@4106.v7a_8a_8176d450">
        <parentIds>
          <string>20</string>
        </parentIds>
        <id>21</id>
        <descriptorId>org.jenkinsci.plugins.pipeline.modeldefinition.steps.ScriptStep</descriptorId>
      </node>
      <actions>
        <s.a.LogStorageAction/>
        <wf.a.TimingAction plugin="workflow-api@1373.v7b_813f10efa_b_">
          <startTime>1747837275392</startTime>
        </wf.a.TimingAction>
      </actions>
    </Tag>
  </entry>
  <entry>
    <string>22</string>
    <Tag plugin="workflow-support@968.v8f17397e87b_8">
      <node class="cps.n.StepStartNode" plugin="workflow-cps@4106.v7a_8a_8176d450">
        <parentIds>
          <string>21</string>
        </parentIds>
        <id>22</id>
        <descriptorId>org.jenkinsci.plugins.pipeline.modeldefinition.steps.ScriptStep</descriptorId>
      </node>
      <actions>
        <wf.a.BodyInvocationAction plugin="workflow-api@1373.v7b_813f10efa_b_"/>
        <wf.a.TimingAction plugin="workflow-api@1373.v7b_813f10efa_b_">
          <startTime>1747837275678</startTime>
        </wf.a.TimingAction>
      </actions>
    </Tag>
  </entry>
  <entry>
    <string>23</string>
    <Tag plugin="workflow-support@968.v8f17397e87b_8">
      <node class="cps.n.StepAtomNode" plugin="workflow-cps@4106.v7a_8a_8176d450">
        <parentIds>
          <string>22</string>
        </parentIds>
        <id>23</id>
        <descriptorId>org.jenkinsci.plugins.workflow.steps.EchoStep</descriptorId>
      </node>
      <actions>
        <cps.a.ArgumentsActionImpl plugin="workflow-cps@4106.v7a_8a_8176d450">
          <arguments>
            <entry>
              <string>message</string>
              <string>--- Début des vérifications de qualité du code ---</string>
            </entry>
          </arguments>
          <sensitiveVariables/>
          <isUnmodifiedBySanitization>true</isUnmodifiedBySanitization>
        </cps.a.ArgumentsActionImpl>
        <wf.a.TimingAction plugin="workflow-api@1373.v7b_813f10efa_b_">
          <startTime>1747837276691</startTime>
        </wf.a.TimingAction>
        <s.a.LogStorageAction/>
      </actions>
    </Tag>
  </entry>
  <entry>
    <string>24</string>
    <Tag plugin="workflow-support@968.v8f17397e87b_8">
      <node class="cps.n.StepAtomNode" plugin="workflow-cps@4106.v7a_8a_8176d450">
        <parentIds>
          <string>23</string>
        </parentIds>
        <id>24</id>
        <descriptorId>org.jenkinsci.plugins.workflow.steps.durable_task.ShellStep</descriptorId>
      </node>
      <actions>
        <cps.a.ArgumentsActionImpl plugin="workflow-cps@4106.v7a_8a_8176d450">
          <arguments>
            <entry>
              <string>script</string>
              <string>
                        docker run --rm --user root -v &quot;/var/jenkins_home/workspace/JDR-Generator-Code-Quality&quot;:/app &quot;maven:3.8.5-openjdk-17&quot; /bin/bash -s &lt;&lt;&apos;EOF_SCRIPT&apos;
                            ls -l /app
                            cd /app/api
                            pwd
                            ls -l
                        EOF_SCRIPT
                    </string>
            </entry>
          </arguments>
          <sensitiveVariables/>
          <isUnmodifiedBySanitization>true</isUnmodifiedBySanitization>
        </cps.a.ArgumentsActionImpl>
        <wf.a.TimingAction plugin="workflow-api@1373.v7b_813f10efa_b_">
          <startTime>1747837276953</startTime>
        </wf.a.TimingAction>
        <s.a.LogStorageAction/>
      </actions>
    </Tag>
  </entry>
  <entry>
    <string>25</string>
    <Tag plugin="workflow-support@968.v8f17397e87b_8">
      <node class="cps.n.StepEndNode" plugin="workflow-cps@4106.v7a_8a_8176d450">
        <parentIds>
          <string>24</string>
        </parentIds>
        <id>25</id>
        <startId>22</startId>
      </node>
      <actions>
        <wf.a.BodyInvocationAction plugin="workflow-api@1373.v7b_813f10efa_b_"/>
        <wf.a.TimingAction plugin="workflow-api@1373.v7b_813f10efa_b_">
          <startTime>1747837278427</startTime>
        </wf.a.TimingAction>
      </actions>
    </Tag>
  </entry>
  <entry>
    <string>26</string>
    <Tag plugin="workflow-support@968.v8f17397e87b_8">
      <node class="cps.n.StepEndNode" plugin="workflow-cps@4106.v7a_8a_8176d450">
        <parentIds>
          <string>25</string>
        </parentIds>
        <id>26</id>
        <startId>21</startId>
      </node>
      <actions>
        <wf.a.TimingAction plugin="workflow-api@1373.v7b_813f10efa_b_">
          <startTime>1747837279213</startTime>
        </wf.a.TimingAction>
      </actions>
    </Tag>
  </entry>
  <entry>
    <string>27</string>
    <Tag plugin="workflow-support@968.v8f17397e87b_8">
      <node class="cps.n.StepAtomNode" plugin="workflow-cps@4106.v7a_8a_8176d450">
        <parentIds>
          <string>26</string>
        </parentIds>
        <id>27</id>
        <descriptorId>org.jenkinsci.plugins.workflow.steps.EchoStep</descriptorId>
      </node>
      <actions>
        <cps.a.ArgumentsActionImpl plugin="workflow-cps@4106.v7a_8a_8176d450">
          <arguments>
            <entry>
              <string>message</string>
              <string>Nettoyage du conteneur Docker...</string>
            </entry>
          </arguments>
          <sensitiveVariables/>
          <isUnmodifiedBySanitization>true</isUnmodifiedBySanitization>
        </cps.a.ArgumentsActionImpl>
        <wf.a.TimingAction plugin="workflow-api@1373.v7b_813f10efa_b_">
          <startTime>1747837279862</startTime>
        </wf.a.TimingAction>
        <s.a.LogStorageAction/>
      </actions>
    </Tag>
  </entry>
  <entry>
    <string>28</string>
    <Tag plugin="workflow-support@968.v8f17397e87b_8">
      <node class="cps.n.StepAtomNode" plugin="workflow-cps@4106.v7a_8a_8176d450">
        <parentIds>
          <string>27</string>
        </parentIds>
        <id>28</id>
        <descriptorId>org.jenkinsci.plugins.workflow.steps.EchoStep</descriptorId>
      </node>
      <actions>
        <cps.a.ArgumentsActionImpl plugin="workflow-cps@4106.v7a_8a_8176d450">
          <arguments>
            <entry>
              <string>message</string>
              <string>Toutes les vérifications de qualité du code ont réussies !</string>
            </entry>
          </arguments>
          <sensitiveVariables/>
          <isUnmodifiedBySanitization>true</isUnmodifiedBySanitization>
        </cps.a.ArgumentsActionImpl>
        <wf.a.TimingAction plugin="workflow-api@1373.v7b_813f10efa_b_">
          <startTime>1747837280147</startTime>
        </wf.a.TimingAction>
        <s.a.LogStorageAction/>
      </actions>
    </Tag>
  </entry>
  <entry>
    <string>29</string>
    <Tag plugin="workflow-support@968.v8f17397e87b_8">
      <node class="cps.n.StepEndNode" plugin="workflow-cps@4106.v7a_8a_8176d450">
        <parentIds>
          <string>28</string>
        </parentIds>
        <id>29</id>
        <startId>20</startId>
      </node>
      <actions>
        <wf.a.BodyInvocationAction plugin="workflow-api@1373.v7b_813f10efa_b_"/>
        <wf.a.TimingAction plugin="workflow-api@1373.v7b_813f10efa_b_">
          <startTime>1747837280363</startTime>
        </wf.a.TimingAction>
      </actions>
    </Tag>
  </entry>
  <entry>
    <string>30</string>
    <Tag plugin="workflow-support@968.v8f17397e87b_8">
      <node class="cps.n.StepEndNode" plugin="workflow-cps@4106.v7a_8a_8176d450">
        <parentIds>
          <string>29</string>
        </parentIds>
        <id>30</id>
        <startId>19</startId>
      </node>
      <actions>
        <wf.a.TimingAction plugin="workflow-api@1373.v7b_813f10efa_b_">
          <startTime>1747837281920</startTime>
        </wf.a.TimingAction>
      </actions>
    </Tag>
  </entry>
  <entry>
    <string>31</string>
    <Tag plugin="workflow-support@968.v8f17397e87b_8">
      <node class="cps.n.StepEndNode" plugin="workflow-cps@4106.v7a_8a_8176d450">
        <parentIds>
          <string>30</string>
        </parentIds>
        <id>31</id>
        <startId>18</startId>
      </node>
      <actions>
        <wf.a.BodyInvocationAction plugin="workflow-api@1373.v7b_813f10efa_b_"/>
        <wf.a.TimingAction plugin="workflow-api@1373.v7b_813f10efa_b_">
          <startTime>1747837282025</startTime>
        </wf.a.TimingAction>
      </actions>
    </Tag>
  </entry>
  <entry>
    <string>32</string>
    <Tag plugin="workflow-support@968.v8f17397e87b_8">
      <node class="cps.n.StepEndNode" plugin="workflow-cps@4106.v7a_8a_8176d450">
        <parentIds>
          <string>31</string>
        </parentIds>
        <id>32</id>
        <startId>17</startId>
      </node>
      <actions>
        <wf.a.TimingAction plugin="workflow-api@1373.v7b_813f10efa_b_">
          <startTime>1747837283261</startTime>
        </wf.a.TimingAction>
      </actions>
    </Tag>
  </entry>
  <entry>
    <string>33</string>
    <Tag plugin="workflow-support@968.v8f17397e87b_8">
      <node class="cps.n.StepEndNode" plugin="workflow-cps@4106.v7a_8a_8176d450">
        <parentIds>
          <string>32</string>
        </parentIds>
        <id>33</id>
        <startId>11</startId>
      </node>
      <actions>
        <wf.a.BodyInvocationAction plugin="workflow-api@1373.v7b_813f10efa_b_"/>
        <wf.a.TimingAction plugin="workflow-api@1373.v7b_813f10efa_b_">
          <startTime>1747837283323</startTime>
        </wf.a.TimingAction>
      </actions>
    </Tag>
  </entry>
  <entry>
    <string>34</string>
    <Tag plugin="workflow-support@968.v8f17397e87b_8">
      <node class="cps.n.StepEndNode" plugin="workflow-cps@4106.v7a_8a_8176d450">
        <parentIds>
          <string>33</string>
        </parentIds>
        <id>34</id>
        <startId>10</startId>
      </node>
      <actions>
        <wf.a.TimingAction plugin="workflow-api@1373.v7b_813f10efa_b_">
          <startTime>1747837284151</startTime>
        </wf.a.TimingAction>
      </actions>
    </Tag>
  </entry>
  <entry>
    <string>35</string>
    <Tag plugin="workflow-support@968.v8f17397e87b_8">
      <node class="cps.n.StepEndNode" plugin="workflow-cps@4106.v7a_8a_8176d450">
        <parentIds>
          <string>34</string>
        </parentIds>
        <id>35</id>
        <startId>4</startId>
      </node>
      <actions>
        <wf.a.BodyInvocationAction plugin="workflow-api@1373.v7b_813f10efa_b_"/>
        <wf.a.TimingAction plugin="workflow-api@1373.v7b_813f10efa_b_">
          <startTime>1747837284254</startTime>
        </wf.a.TimingAction>
      </actions>
    </Tag>
  </entry>
  <entry>
    <string>36</string>
    <Tag plugin="workflow-support@968.v8f17397e87b_8">
      <node class="cps.n.StepEndNode" plugin="workflow-cps@4106.v7a_8a_8176d450">
        <parentIds>
          <string>35</string>
        </parentIds>
        <id>36</id>
        <startId>3</startId>
      </node>
      <actions>
        <wf.a.TimingAction plugin="workflow-api@1373.v7b_813f10efa_b_">
          <startTime>1747837285742</startTime>
        </wf.a.TimingAction>
      </actions>
    </Tag>
  </entry>
  <entry>
    <string>37</string>
    <Tag plugin="workflow-support@968.v8f17397e87b_8">
      <node class="org.jenkinsci.plugins.workflow.graph.FlowEndNode" plugin="workflow-api@1373.v7b_813f10efa_b_">
        <parentIds>
          <string>36</string>
        </parentIds>
        <id>37</id>
        <startId>2</startId>
        <result>
          <name>SUCCESS</name>
          <ordinal>0</ordinal>
          <color>BLUE</color>
          <completeBuild>true</completeBuild>
        </result>
      </node>
      <actions>
        <wf.a.TimingAction plugin="workflow-api@1373.v7b_813f10efa_b_">
          <startTime>1747837285842</startTime>
        </wf.a.TimingAction>
      </actions>
    </Tag>
  </entry>
</linked-hash-map>