<?xml version="1.1" encoding="UTF-8"?>
<linked-hash-map>
  <entry>
    <string>2</string>
    <Tag plugin="workflow-support@968.v8f17397e87b_8">
      <node class="org.jenkinsci.plugins.workflow.graph.FlowStartNode" plugin="workflow-api@1373.v7b_813f10efa_b_">
        <parentIds/>
        <id>2</id>
      </node>
      <actions>
        <s.a.WorkspaceActionImpl>
          <node></node>
          <path>/var/jenkins_home/workspace/JDR-Generator-Code-Quality@script/124363f0a1b25ade85ff4be870a1d258fd087358cffd84009f5ee8df54708837</path>
          <labels class="sorted-set"/>
        </s.a.WorkspaceActionImpl>
        <wf.a.TimingAction plugin="workflow-api@1373.v7b_813f10efa_b_">
          <startTime>1747838348184</startTime>
        </wf.a.TimingAction>
      </actions>
    </Tag>
  </entry>
  <entry>
    <string>3</string>
    <Tag plugin="workflow-support@968.v8f17397e87b_8">
      <node class="cps.n.StepStartNode" plugin="workflow-cps@4106.v7a_8a_8176d450">
        <parentIds>
          <string>2</string>
        </parentIds>
        <id>3</id>
        <descriptorId>org.jenkinsci.plugins.workflow.support.steps.ExecutorStep</descriptorId>
      </node>
      <actions>
        <s.a.LogStorageAction/>
        <wf.a.TimingAction plugin="workflow-api@1373.v7b_813f10efa_b_">
          <startTime>1747838354715</startTime>
        </wf.a.TimingAction>
        <org.jenkinsci.plugins.workflow.support.steps.ExecutorStepExecution_-QueueItemActionImpl plugin="workflow-durable-task-step@1405.v1fcd4a_d00096">
          <id>6</id>
        </org.jenkinsci.plugins.workflow.support.steps.ExecutorStepExecution_-QueueItemActionImpl>
        <s.a.WorkspaceActionImpl>
          <node></node>
          <path>/var/jenkins_home/workspace/JDR-Generator-Code-Quality</path>
          <labels class="sorted-set"/>
        </s.a.WorkspaceActionImpl>
      </actions>
    </Tag>
  </entry>
  <entry>
    <string>4</string>
    <Tag plugin="workflow-support@968.v8f17397e87b_8">
      <node class="cps.n.StepStartNode" plugin="workflow-cps@4106.v7a_8a_8176d450">
        <parentIds>
          <string>3</string>
        </parentIds>
        <id>4</id>
        <descriptorId>org.jenkinsci.plugins.workflow.support.steps.ExecutorStep</descriptorId>
      </node>
      <actions>
        <wf.a.BodyInvocationAction plugin="workflow-api@1373.v7b_813f10efa_b_"/>
        <wf.a.TimingAction plugin="workflow-api@1373.v7b_813f10efa_b_">
          <startTime>1747838356044</startTime>
        </wf.a.TimingAction>
      </actions>
    </Tag>
  </entry>
  <entry>
    <string>5</string>
    <Tag plugin="workflow-support@968.v8f17397e87b_8">
      <node class="cps.n.StepStartNode" plugin="workflow-cps@4106.v7a_8a_8176d450">
        <parentIds>
          <string>4</string>
        </parentIds>
        <id>5</id>
        <descriptorId>org.jenkinsci.plugins.workflow.support.steps.StageStep</descriptorId>
      </node>
      <actions>
        <s.a.LogStorageAction/>
        <cps.a.ArgumentsActionImpl plugin="workflow-cps@4106.v7a_8a_8176d450">
          <arguments>
            <entry>
              <string>name</string>
              <string>Declarative: Checkout SCM</string>
            </entry>
          </arguments>
          <sensitiveVariables/>
          <isUnmodifiedBySanitization>true</isUnmodifiedBySanitization>
        </cps.a.ArgumentsActionImpl>
        <wf.a.TimingAction plugin="workflow-api@1373.v7b_813f10efa_b_">
          <startTime>1747838356911</startTime>
        </wf.a.TimingAction>
      </actions>
    </Tag>
  </entry>
  <entry>
    <string>6</string>
    <Tag plugin="workflow-support@968.v8f17397e87b_8">
      <node class="cps.n.StepStartNode" plugin="workflow-cps@4106.v7a_8a_8176d450">
        <parentIds>
          <string>5</string>
        </parentIds>
        <id>6</id>
        <descriptorId>org.jenkinsci.plugins.workflow.support.steps.StageStep</descriptorId>
      </node>
      <actions>
        <wf.a.BodyInvocationAction plugin="workflow-api@1373.v7b_813f10efa_b_"/>
        <wf.a.LabelAction plugin="workflow-api@1373.v7b_813f10efa_b_">
          <displayName>Declarative: Checkout SCM</displayName>
        </wf.a.LabelAction>
        <wf.a.TimingAction plugin="workflow-api@1373.v7b_813f10efa_b_">
          <startTime>1747838356971</startTime>
        </wf.a.TimingAction>
        <wf.a.TagsAction plugin="workflow-api@1373.v7b_813f10efa_b_">
          <tags>
            <entry>
              <string>SYNTHETIC_STAGE</string>
              <string>PRE</string>
            </entry>
          </tags>
        </wf.a.TagsAction>
      </actions>
    </Tag>
  </entry>
  <entry>
    <string>7</string>
    <Tag plugin="workflow-support@968.v8f17397e87b_8">
      <node class="cps.n.StepAtomNode" plugin="workflow-cps@4106.v7a_8a_8176d450">
        <parentIds>
          <string>6</string>
        </parentIds>
        <id>7</id>
        <descriptorId>org.jenkinsci.plugins.workflow.steps.scm.GenericSCMStep</descriptorId>
      </node>
      <actions>
        <cps.a.ArgumentsActionImpl plugin="workflow-cps@4106.v7a_8a_8176d450">
          <arguments>
            <entry>
              <string>scm</string>
              <org.jenkinsci.plugins.structs.describable.UninstantiatedDescribable plugin="structs@343.vdcf37b_a_c81d5">
                <symbol>scmGit</symbol>
                <arguments class="tree-map">
                  <entry>
                    <string>branches</string>
                    <list>
                      <org.jenkinsci.plugins.structs.describable.UninstantiatedDescribable>
                        <arguments class="tree-map">
                          <entry>
                            <string>name</string>
                            <string>*/jenkins</string>
                          </entry>
                        </arguments>
                        <model resolves-to="org.jenkinsci.plugins.structs.describable.DescribableModel$SerializedForm">
                          <type>hudson.plugins.git.BranchSpec</type>
                        </model>
                      </org.jenkinsci.plugins.structs.describable.UninstantiatedDescribable>
                      <org.jenkinsci.plugins.structs.describable.UninstantiatedDescribable>
                        <arguments class="tree-map">
                          <entry>
                            <string>name</string>
                            <string>*/main</string>
                          </entry>
                        </arguments>
                        <model resolves-to="org.jenkinsci.plugins.structs.describable.DescribableModel$SerializedForm">
                          <type>hudson.plugins.git.BranchSpec</type>
                        </model>
                      </org.jenkinsci.plugins.structs.describable.UninstantiatedDescribable>
                    </list>
                  </entry>
                  <entry>
                    <string>extensions</string>
                    <list/>
                  </entry>
                  <entry>
                    <string>userRemoteConfigs</string>
                    <list>
                      <org.jenkinsci.plugins.structs.describable.UninstantiatedDescribable>
                        <arguments class="tree-map">
                          <entry>
                            <string>url</string>
                            <string>https://github.com/NeoRyu/JDR-Generator</string>
                          </entry>
                        </arguments>
                        <model resolves-to="org.jenkinsci.plugins.structs.describable.DescribableModel$SerializedForm">
                          <type>hudson.plugins.git.UserRemoteConfig</type>
                        </model>
                      </org.jenkinsci.plugins.structs.describable.UninstantiatedDescribable>
                    </list>
                  </entry>
                </arguments>
                <model resolves-to="org.jenkinsci.plugins.structs.describable.DescribableModel$SerializedForm">
                  <type>hudson.plugins.git.GitSCM</type>
                </model>
              </org.jenkinsci.plugins.structs.describable.UninstantiatedDescribable>
            </entry>
          </arguments>
          <sensitiveVariables/>
          <isUnmodifiedBySanitization>true</isUnmodifiedBySanitization>
        </cps.a.ArgumentsActionImpl>
        <wf.a.TimingAction plugin="workflow-api@1373.v7b_813f10efa_b_">
          <startTime>1747838357653</startTime>
        </wf.a.TimingAction>
        <s.a.LogStorageAction/>
      </actions>
    </Tag>
  </entry>
  <entry>
    <string>8</string>
    <Tag plugin="workflow-support@968.v8f17397e87b_8">
      <node class="cps.n.StepEndNode" plugin="workflow-cps@4106.v7a_8a_8176d450">
        <parentIds>
          <string>7</string>
        </parentIds>
        <id>8</id>
        <startId>6</startId>
      </node>
      <actions>
        <wf.a.BodyInvocationAction plugin="workflow-api@1373.v7b_813f10efa_b_"/>
        <wf.a.TimingAction plugin="workflow-api@1373.v7b_813f10efa_b_">
          <startTime>1747838364876</startTime>
        </wf.a.TimingAction>
      </actions>
    </Tag>
  </entry>
  <entry>
    <string>9</string>
    <Tag plugin="workflow-support@968.v8f17397e87b_8">
      <node class="cps.n.StepEndNode" plugin="workflow-cps@4106.v7a_8a_8176d450">
        <parentIds>
          <string>8</string>
        </parentIds>
        <id>9</id>
        <startId>5</startId>
      </node>
      <actions>
        <wf.a.TimingAction plugin="workflow-api@1373.v7b_813f10efa_b_">
          <startTime>1747838366094</startTime>
        </wf.a.TimingAction>
      </actions>
    </Tag>
  </entry>
  <entry>
    <string>10</string>
    <Tag plugin="workflow-support@968.v8f17397e87b_8">
      <node class="cps.n.StepStartNode" plugin="workflow-cps@4106.v7a_8a_8176d450">
        <parentIds>
          <string>9</string>
        </parentIds>
        <id>10</id>
        <descriptorId>org.jenkinsci.plugins.workflow.steps.EnvStep</descriptorId>
      </node>
      <actions>
        <s.a.LogStorageAction/>
        <cps.a.ArgumentsActionImpl plugin="workflow-cps@4106.v7a_8a_8176d450">
          <arguments>
            <entry>
              <string>overrides</string>
              <list>
                <string>GIT_BRANCH=origin/jenkins</string>
                <string>GIT_COMMIT=ded8501a5af38f0c1e4b428945d4bc86d4ade368</string>
                <string>GIT_PREVIOUS_COMMIT=e43e6799665b956ee011323369b3ed014cf2a5d6</string>
                <string>GIT_PREVIOUS_SUCCESSFUL_COMMIT=e43e6799665b956ee011323369b3ed014cf2a5d6</string>
                <string>GIT_URL=https://github.com/NeoRyu/JDR-Generator</string>
              </list>
            </entry>
          </arguments>
          <sensitiveVariables/>
          <isUnmodifiedBySanitization>true</isUnmodifiedBySanitization>
        </cps.a.ArgumentsActionImpl>
        <wf.a.TimingAction plugin="workflow-api@1373.v7b_813f10efa_b_">
          <startTime>1747838366320</startTime>
        </wf.a.TimingAction>
      </actions>
    </Tag>
  </entry>
  <entry>
    <string>11</string>
    <Tag plugin="workflow-support@968.v8f17397e87b_8">
      <node class="cps.n.StepStartNode" plugin="workflow-cps@4106.v7a_8a_8176d450">
        <parentIds>
          <string>10</string>
        </parentIds>
        <id>11</id>
        <descriptorId>org.jenkinsci.plugins.workflow.steps.EnvStep</descriptorId>
      </node>
      <actions>
        <wf.a.BodyInvocationAction plugin="workflow-api@1373.v7b_813f10efa_b_"/>
        <wf.a.TimingAction plugin="workflow-api@1373.v7b_813f10efa_b_">
          <startTime>1747838366357</startTime>
        </wf.a.TimingAction>
      </actions>
    </Tag>
  </entry>
  <entry>
    <string>12</string>
    <Tag plugin="workflow-support@968.v8f17397e87b_8">
      <node class="cps.n.StepStartNode" plugin="workflow-cps@4106.v7a_8a_8176d450">
        <parentIds>
          <string>11</string>
        </parentIds>
        <id>12</id>
        <descriptorId>org.jenkinsci.plugins.workflow.support.steps.StageStep</descriptorId>
      </node>
      <actions>
        <s.a.LogStorageAction/>
        <cps.a.ArgumentsActionImpl plugin="workflow-cps@4106.v7a_8a_8176d450">
          <arguments>
            <entry>
              <string>name</string>
              <string>Checkout Code</string>
            </entry>
          </arguments>
          <sensitiveVariables/>
          <isUnmodifiedBySanitization>true</isUnmodifiedBySanitization>
        </cps.a.ArgumentsActionImpl>
        <wf.a.TimingAction plugin="workflow-api@1373.v7b_813f10efa_b_">
          <startTime>1747838366879</startTime>
        </wf.a.TimingAction>
      </actions>
    </Tag>
  </entry>
  <entry>
    <string>13</string>
    <Tag plugin="workflow-support@968.v8f17397e87b_8">
      <node class="cps.n.StepStartNode" plugin="workflow-cps@4106.v7a_8a_8176d450">
        <parentIds>
          <string>12</string>
        </parentIds>
        <id>13</id>
        <descriptorId>org.jenkinsci.plugins.workflow.support.steps.StageStep</descriptorId>
      </node>
      <actions>
        <wf.a.BodyInvocationAction plugin="workflow-api@1373.v7b_813f10efa_b_"/>
        <wf.a.LabelAction plugin="workflow-api@1373.v7b_813f10efa_b_">
          <displayName>Checkout Code</displayName>
        </wf.a.LabelAction>
        <wf.a.TimingAction plugin="workflow-api@1373.v7b_813f10efa_b_">
          <startTime>1747838366913</startTime>
        </wf.a.TimingAction>
      </actions>
    </Tag>
  </entry>
  <entry>
    <string>14</string>
    <Tag plugin="workflow-support@968.v8f17397e87b_8">
      <node class="cps.n.StepAtomNode" plugin="workflow-cps@4106.v7a_8a_8176d450">
        <parentIds>
          <string>13</string>
        </parentIds>
        <id>14</id>
        <descriptorId>jenkins.plugins.git.GitStep</descriptorId>
      </node>
      <actions>
        <cps.a.ArgumentsActionImpl plugin="workflow-cps@4106.v7a_8a_8176d450">
          <arguments>
            <entry>
              <string>branch</string>
              <string>jenkins</string>
            </entry>
            <entry>
              <string>url</string>
              <string>https://github.com/NeoRyu/JDR-Generator</string>
            </entry>
          </arguments>
          <sensitiveVariables/>
          <isUnmodifiedBySanitization>true</isUnmodifiedBySanitization>
        </cps.a.ArgumentsActionImpl>
        <wf.a.TimingAction plugin="workflow-api@1373.v7b_813f10efa_b_">
          <startTime>1747838367733</startTime>
        </wf.a.TimingAction>
        <s.a.LogStorageAction/>
      </actions>
    </Tag>
  </entry>
  <entry>
    <string>15</string>
    <Tag plugin="workflow-support@968.v8f17397e87b_8">
      <node class="cps.n.StepEndNode" plugin="workflow-cps@4106.v7a_8a_8176d450">
        <parentIds>
          <string>14</string>
        </parentIds>
        <id>15</id>
        <startId>13</startId>
      </node>
      <actions>
        <wf.a.BodyInvocationAction plugin="workflow-api@1373.v7b_813f10efa_b_"/>
        <wf.a.TimingAction plugin="workflow-api@1373.v7b_813f10efa_b_">
          <startTime>1747838376105</startTime>
        </wf.a.TimingAction>
      </actions>
    </Tag>
  </entry>
  <entry>
    <string>16</string>
    <Tag plugin="workflow-support@968.v8f17397e87b_8">
      <node class="cps.n.StepEndNode" plugin="workflow-cps@4106.v7a_8a_8176d450">
        <parentIds>
          <string>15</string>
        </parentIds>
        <id>16</id>
        <startId>12</startId>
      </node>
      <actions>
        <wf.a.TimingAction plugin="workflow-api@1373.v7b_813f10efa_b_">
          <startTime>1747838377809</startTime>
        </wf.a.TimingAction>
      </actions>
    </Tag>
  </entry>
  <entry>
    <string>17</string>
    <Tag plugin="workflow-support@968.v8f17397e87b_8">
      <node class="cps.n.StepStartNode" plugin="workflow-cps@4106.v7a_8a_8176d450">
        <parentIds>
          <string>16</string>
        </parentIds>
        <id>17</id>
        <descriptorId>org.jenkinsci.plugins.workflow.support.steps.StageStep</descriptorId>
      </node>
      <actions>
        <s.a.LogStorageAction/>
        <cps.a.ArgumentsActionImpl plugin="workflow-cps@4106.v7a_8a_8176d450">
          <arguments>
            <entry>
              <string>name</string>
              <string>Code Quality Checks</string>
            </entry>
          </arguments>
          <sensitiveVariables/>
          <isUnmodifiedBySanitization>true</isUnmodifiedBySanitization>
        </cps.a.ArgumentsActionImpl>
        <wf.a.TimingAction plugin="workflow-api@1373.v7b_813f10efa_b_">
          <startTime>1747838378029</startTime>
        </wf.a.TimingAction>
      </actions>
    </Tag>
  </entry>
  <entry>
    <string>18</string>
    <Tag plugin="workflow-support@968.v8f17397e87b_8">
      <node class="cps.n.StepStartNode" plugin="workflow-cps@4106.v7a_8a_8176d450">
        <parentIds>
          <string>17</string>
        </parentIds>
        <id>18</id>
        <descriptorId>org.jenkinsci.plugins.workflow.support.steps.StageStep</descriptorId>
      </node>
      <actions>
        <wf.a.BodyInvocationAction plugin="workflow-api@1373.v7b_813f10efa_b_"/>
        <wf.a.LabelAction plugin="workflow-api@1373.v7b_813f10efa_b_">
          <displayName>Code Quality Checks</displayName>
        </wf.a.LabelAction>
        <wf.a.TimingAction plugin="workflow-api@1373.v7b_813f10efa_b_">
          <startTime>1747838378088</startTime>
        </wf.a.TimingAction>
      </actions>
    </Tag>
  </entry>
  <entry>
    <string>19</string>
    <Tag plugin="workflow-support@968.v8f17397e87b_8">
      <node class="cps.n.StepStartNode" plugin="workflow-cps@4106.v7a_8a_8176d450">
        <parentIds>
          <string>18</string>
        </parentIds>
        <id>19</id>
        <descriptorId>org.jenkinsci.plugins.workflow.steps.EnvStep</descriptorId>
      </node>
      <actions>
        <s.a.LogStorageAction/>
        <cps.a.ArgumentsActionImpl plugin="workflow-cps@4106.v7a_8a_8176d450">
          <arguments>
            <entry>
              <string>overrides</string>
              <list>
                <string>MAVEN_IMAGE=maven:3.8.5-openjdk-17</string>
                <string>NODE_IMAGE=node:20-alpine</string>
              </list>
            </entry>
          </arguments>
          <sensitiveVariables/>
          <isUnmodifiedBySanitization>true</isUnmodifiedBySanitization>
        </cps.a.ArgumentsActionImpl>
        <wf.a.TimingAction plugin="workflow-api@1373.v7b_813f10efa_b_">
          <startTime>1747838379131</startTime>
        </wf.a.TimingAction>
      </actions>
    </Tag>
  </entry>
  <entry>
    <string>20</string>
    <Tag plugin="workflow-support@968.v8f17397e87b_8">
      <node class="cps.n.StepStartNode" plugin="workflow-cps@4106.v7a_8a_8176d450">
        <parentIds>
          <string>19</string>
        </parentIds>
        <id>20</id>
        <descriptorId>org.jenkinsci.plugins.workflow.steps.EnvStep</descriptorId>
      </node>
      <actions>
        <wf.a.BodyInvocationAction plugin="workflow-api@1373.v7b_813f10efa_b_"/>
        <wf.a.TimingAction plugin="workflow-api@1373.v7b_813f10efa_b_">
          <startTime>1747838379175</startTime>
        </wf.a.TimingAction>
      </actions>
    </Tag>
  </entry>
  <entry>
    <string>21</string>
    <Tag plugin="workflow-support@968.v8f17397e87b_8">
      <node class="cps.n.StepAtomNode" plugin="workflow-cps@4106.v7a_8a_8176d450">
        <parentIds>
          <string>20</string>
        </parentIds>
        <id>21</id>
        <descriptorId>org.jenkinsci.plugins.workflow.steps.EchoStep</descriptorId>
      </node>
      <actions>
        <cps.a.ArgumentsActionImpl plugin="workflow-cps@4106.v7a_8a_8176d450">
          <arguments>
            <entry>
              <string>message</string>
              <string>--- Début des vérifications de qualité du code ---</string>
            </entry>
          </arguments>
          <sensitiveVariables/>
          <isUnmodifiedBySanitization>true</isUnmodifiedBySanitization>
        </cps.a.ArgumentsActionImpl>
        <wf.a.TimingAction plugin="workflow-api@1373.v7b_813f10efa_b_">
          <startTime>1747838380155</startTime>
        </wf.a.TimingAction>
        <s.a.LogStorageAction/>
      </actions>
    </Tag>
  </entry>
  <entry>
    <string>22</string>
    <Tag plugin="workflow-support@968.v8f17397e87b_8">
      <node class="cps.n.StepAtomNode" plugin="workflow-cps@4106.v7a_8a_8176d450">
        <parentIds>
          <string>21</string>
        </parentIds>
        <id>22</id>
        <descriptorId>org.jenkinsci.plugins.workflow.steps.durable_task.ShellStep</descriptorId>
      </node>
      <actions>
        <cps.a.ArgumentsActionImpl plugin="workflow-cps@4106.v7a_8a_8176d450">
          <arguments>
            <entry>
              <string>script</string>
              <string>
                    docker run --rm --user root -v &quot;/var/jenkins_home/workspace/JDR-Generator-Code-Quality&quot;:/app &quot;maven:3.8.5-openjdk-17&quot; /bin/bash -s &lt;&lt;&apos;EOF_MAVEN_CHECK&apos;
                        cd /app/api
                        mvn --batch-mode checkstyle:check spotless:check
                    EOF_MAVEN_CHECK
                </string>
            </entry>
          </arguments>
          <sensitiveVariables/>
          <isUnmodifiedBySanitization>true</isUnmodifiedBySanitization>
        </cps.a.ArgumentsActionImpl>
        <wf.a.TimingAction plugin="workflow-api@1373.v7b_813f10efa_b_">
          <startTime>1747838380398</startTime>
        </wf.a.TimingAction>
        <s.a.LogStorageAction/>
      </actions>
    </Tag>
  </entry>
  <entry>
    <string>23</string>
    <Tag plugin="workflow-support@968.v8f17397e87b_8">
      <node class="cps.n.StepAtomNode" plugin="workflow-cps@4106.v7a_8a_8176d450">
        <parentIds>
          <string>22</string>
        </parentIds>
        <id>23</id>
        <descriptorId>org.jenkinsci.plugins.workflow.steps.durable_task.ShellStep</descriptorId>
      </node>
      <actions>
        <cps.a.ArgumentsActionImpl plugin="workflow-cps@4106.v7a_8a_8176d450">
          <arguments>
            <entry>
              <string>script</string>
              <string>
                    docker run --rm --user root -v &quot;/var/jenkins_home/workspace/JDR-Generator-Code-Quality&quot;:/app &quot;node:20-alpine&quot; /bin/sh -s &lt;&lt;&apos;EOF_NODE_WEB_INSTALL&apos;
                        cd /app/web
                        npm install
                    EOF_NODE_WEB_INSTALL
                </string>
            </entry>
          </arguments>
          <sensitiveVariables/>
          <isUnmodifiedBySanitization>true</isUnmodifiedBySanitization>
        </cps.a.ArgumentsActionImpl>
        <wf.a.TimingAction plugin="workflow-api@1373.v7b_813f10efa_b_">
          <startTime>1747838382023</startTime>
        </wf.a.TimingAction>
        <s.a.LogStorageAction/>
      </actions>
    </Tag>
  </entry>
  <entry>
    <string>24</string>
    <Tag plugin="workflow-support@968.v8f17397e87b_8">
      <node class="cps.n.StepAtomNode" plugin="workflow-cps@4106.v7a_8a_8176d450">
        <parentIds>
          <string>23</string>
        </parentIds>
        <id>24</id>
        <descriptorId>org.jenkinsci.plugins.workflow.steps.durable_task.ShellStep</descriptorId>
      </node>
      <actions>
        <cps.a.ArgumentsActionImpl plugin="workflow-cps@4106.v7a_8a_8176d450">
          <arguments>
            <entry>
              <string>script</string>
              <string>
                    docker run --rm --user root -v &quot;/var/jenkins_home/workspace/JDR-Generator-Code-Quality&quot;:/app &quot;node:20-alpine&quot; /bin/sh -s &lt;&lt;&apos;EOF_NODE_WEB_FORMAT&apos;
                        cd /app/web
                        npm run format:check
                    EOF_NODE_WEB_FORMAT
                </string>
            </entry>
          </arguments>
          <sensitiveVariables/>
          <isUnmodifiedBySanitization>true</isUnmodifiedBySanitization>
        </cps.a.ArgumentsActionImpl>
        <wf.a.TimingAction plugin="workflow-api@1373.v7b_813f10efa_b_">
          <startTime>1747838388662</startTime>
        </wf.a.TimingAction>
        <s.a.LogStorageAction/>
      </actions>
    </Tag>
  </entry>
  <entry>
    <string>25</string>
    <Tag plugin="workflow-support@968.v8f17397e87b_8">
      <node class="cps.n.StepAtomNode" plugin="workflow-cps@4106.v7a_8a_8176d450">
        <parentIds>
          <string>24</string>
        </parentIds>
        <id>25</id>
        <descriptorId>org.jenkinsci.plugins.workflow.steps.durable_task.ShellStep</descriptorId>
      </node>
      <actions>
        <cps.a.ArgumentsActionImpl plugin="workflow-cps@4106.v7a_8a_8176d450">
          <arguments>
            <entry>
              <string>script</string>
              <string>
                    docker run --rm --user root -v &quot;/var/jenkins_home/workspace/JDR-Generator-Code-Quality&quot;:/app &quot;node:20-alpine&quot; /bin/sh -s &lt;&lt;&apos;EOF_NODE_WEB_LINT&apos;
                        cd /app/web
                        npm run lint
                    EOF_NODE_WEB_LINT
                </string>
            </entry>
          </arguments>
          <sensitiveVariables/>
          <isUnmodifiedBySanitization>true</isUnmodifiedBySanitization>
        </cps.a.ArgumentsActionImpl>
        <wf.a.TimingAction plugin="workflow-api@1373.v7b_813f10efa_b_">
          <startTime>1747838389787</startTime>
        </wf.a.TimingAction>
        <s.a.LogStorageAction/>
      </actions>
    </Tag>
  </entry>
  <entry>
    <string>26</string>
    <Tag plugin="workflow-support@968.v8f17397e87b_8">
      <node class="cps.n.StepAtomNode" plugin="workflow-cps@4106.v7a_8a_8176d450">
        <parentIds>
          <string>25</string>
        </parentIds>
        <id>26</id>
        <descriptorId>org.jenkinsci.plugins.workflow.steps.durable_task.ShellStep</descriptorId>
      </node>
      <actions>
        <cps.a.ArgumentsActionImpl plugin="workflow-cps@4106.v7a_8a_8176d450">
          <arguments>
            <entry>
              <string>script</string>
              <string>
                    docker run --rm --user root -v &quot;/var/jenkins_home/workspace/JDR-Generator-Code-Quality&quot;:/app &quot;node:20-alpine&quot; /bin/sh -s &lt;&lt;&apos;EOF_NODE_GEMINI_INSTALL&apos;
                        cd /app/gemini
                        npm install
                    EOF_NODE_GEMINI_INSTALL
                </string>
            </entry>
          </arguments>
          <sensitiveVariables/>
          <isUnmodifiedBySanitization>true</isUnmodifiedBySanitization>
        </cps.a.ArgumentsActionImpl>
        <wf.a.TimingAction plugin="workflow-api@1373.v7b_813f10efa_b_">
          <startTime>1747838391148</startTime>
        </wf.a.TimingAction>
        <s.a.LogStorageAction/>
      </actions>
    </Tag>
  </entry>
  <entry>
    <string>27</string>
    <Tag plugin="workflow-support@968.v8f17397e87b_8">
      <node class="cps.n.StepAtomNode" plugin="workflow-cps@4106.v7a_8a_8176d450">
        <parentIds>
          <string>26</string>
        </parentIds>
        <id>27</id>
        <descriptorId>org.jenkinsci.plugins.workflow.steps.durable_task.ShellStep</descriptorId>
      </node>
      <actions>
        <cps.a.ArgumentsActionImpl plugin="workflow-cps@4106.v7a_8a_8176d450">
          <arguments>
            <entry>
              <string>script</string>
              <string>
                    docker run --rm --user root -v &quot;/var/jenkins_home/workspace/JDR-Generator-Code-Quality&quot;:/app &quot;node:20-alpine&quot; /bin/sh -s &lt;&lt;&apos;EOF_NODE_GEMINI_FORMAT&apos;
                        cd /app/gemini
                        npm run format:check
                    EOF_NODE_GEMINI_FORMAT
                </string>
            </entry>
          </arguments>
          <sensitiveVariables/>
          <isUnmodifiedBySanitization>true</isUnmodifiedBySanitization>
        </cps.a.ArgumentsActionImpl>
        <wf.a.TimingAction plugin="workflow-api@1373.v7b_813f10efa_b_">
          <startTime>1747838392503</startTime>
        </wf.a.TimingAction>
        <s.a.LogStorageAction/>
      </actions>
    </Tag>
  </entry>
  <entry>
    <string>28</string>
    <Tag plugin="workflow-support@968.v8f17397e87b_8">
      <node class="cps.n.StepAtomNode" plugin="workflow-cps@4106.v7a_8a_8176d450">
        <parentIds>
          <string>27</string>
        </parentIds>
        <id>28</id>
        <descriptorId>org.jenkinsci.plugins.workflow.steps.durable_task.ShellStep</descriptorId>
      </node>
      <actions>
        <cps.a.ArgumentsActionImpl plugin="workflow-cps@4106.v7a_8a_8176d450">
          <arguments>
            <entry>
              <string>script</string>
              <string>
                    docker run --rm --user root -v &quot;/var/jenkins_home/workspace/JDR-Generator-Code-Quality&quot;:/app &quot;node:20-alpine&quot; /bin/sh -s &lt;&lt;&apos;EOF_NODE_GEMINI_LINT&apos;
                        cd /app/gemini
                        npm run lint
                    EOF_NODE_GEMINI_LINT
                </string>
            </entry>
          </arguments>
          <sensitiveVariables/>
          <isUnmodifiedBySanitization>true</isUnmodifiedBySanitization>
        </cps.a.ArgumentsActionImpl>
        <wf.a.TimingAction plugin="workflow-api@1373.v7b_813f10efa_b_">
          <startTime>1747838393880</startTime>
        </wf.a.TimingAction>
        <s.a.LogStorageAction/>
      </actions>
    </Tag>
  </entry>
  <entry>
    <string>29</string>
    <Tag plugin="workflow-support@968.v8f17397e87b_8">
      <node class="cps.n.StepAtomNode" plugin="workflow-cps@4106.v7a_8a_8176d450">
        <parentIds>
          <string>28</string>
        </parentIds>
        <id>29</id>
        <descriptorId>org.jenkinsci.plugins.workflow.steps.durable_task.ShellStep</descriptorId>
      </node>
      <actions>
        <cps.a.ArgumentsActionImpl plugin="workflow-cps@4106.v7a_8a_8176d450">
          <arguments>
            <entry>
              <string>script</string>
              <string>
                    docker run --rm --user root -v &quot;/var/jenkins_home/workspace/JDR-Generator-Code-Quality&quot;:/app &quot;node:20-alpine&quot; /bin/sh -s &lt;&lt;&apos;EOF_NODE_OPENAI_INSTALL&apos;
                        cd /app/openai
                        npm install
                    EOF_NODE_OPENAI_INSTALL
                </string>
            </entry>
          </arguments>
          <sensitiveVariables/>
          <isUnmodifiedBySanitization>true</isUnmodifiedBySanitization>
        </cps.a.ArgumentsActionImpl>
        <wf.a.TimingAction plugin="workflow-api@1373.v7b_813f10efa_b_">
          <startTime>1747838395411</startTime>
        </wf.a.TimingAction>
        <s.a.LogStorageAction/>
      </actions>
    </Tag>
  </entry>
  <entry>
    <string>30</string>
    <Tag plugin="workflow-support@968.v8f17397e87b_8">
      <node class="cps.n.StepAtomNode" plugin="workflow-cps@4106.v7a_8a_8176d450">
        <parentIds>
          <string>29</string>
        </parentIds>
        <id>30</id>
        <descriptorId>org.jenkinsci.plugins.workflow.steps.durable_task.ShellStep</descriptorId>
      </node>
      <actions>
        <cps.a.ArgumentsActionImpl plugin="workflow-cps@4106.v7a_8a_8176d450">
          <arguments>
            <entry>
              <string>script</string>
              <string>
                    docker run --rm --user root -v &quot;/var/jenkins_home/workspace/JDR-Generator-Code-Quality&quot;:/app &quot;node:20-alpine&quot; /bin/sh -s &lt;&lt;&apos;EOF_NODE_OPENAI_FORMAT&apos;
                        cd /app/openai
                        npm run format:check
                    EOF_NODE_OPENAI_FORMAT
                </string>
            </entry>
          </arguments>
          <sensitiveVariables/>
          <isUnmodifiedBySanitization>true</isUnmodifiedBySanitization>
        </cps.a.ArgumentsActionImpl>
        <wf.a.TimingAction plugin="workflow-api@1373.v7b_813f10efa_b_">
          <startTime>1747838396778</startTime>
        </wf.a.TimingAction>
        <s.a.LogStorageAction/>
      </actions>
    </Tag>
  </entry>
  <entry>
    <string>31</string>
    <Tag plugin="workflow-support@968.v8f17397e87b_8">
      <node class="cps.n.StepAtomNode" plugin="workflow-cps@4106.v7a_8a_8176d450">
        <parentIds>
          <string>30</string>
        </parentIds>
        <id>31</id>
        <descriptorId>org.jenkinsci.plugins.workflow.steps.durable_task.ShellStep</descriptorId>
      </node>
      <actions>
        <cps.a.ArgumentsActionImpl plugin="workflow-cps@4106.v7a_8a_8176d450">
          <arguments>
            <entry>
              <string>script</string>
              <string>
                    docker run --rm --user root -v &quot;/var/jenkins_home/workspace/JDR-Generator-Code-Quality&quot;:/app &quot;node:20-alpine&quot; /bin/sh -s &lt;&lt;&apos;EOF_NODE_OPENAI_LINT&apos;
                        cd /app/openai
                        npm run lint
                    EOF_NODE_OPENAI_LINT
                </string>
            </entry>
          </arguments>
          <sensitiveVariables/>
          <isUnmodifiedBySanitization>true</isUnmodifiedBySanitization>
        </cps.a.ArgumentsActionImpl>
        <wf.a.TimingAction plugin="workflow-api@1373.v7b_813f10efa_b_">
          <startTime>1747838399167</startTime>
        </wf.a.TimingAction>
        <s.a.LogStorageAction/>
      </actions>
    </Tag>
  </entry>
  <entry>
    <string>32</string>
    <Tag plugin="workflow-support@968.v8f17397e87b_8">
      <node class="cps.n.StepAtomNode" plugin="workflow-cps@4106.v7a_8a_8176d450">
        <parentIds>
          <string>31</string>
        </parentIds>
        <id>32</id>
        <descriptorId>org.jenkinsci.plugins.workflow.steps.EchoStep</descriptorId>
      </node>
      <actions>
        <cps.a.ArgumentsActionImpl plugin="workflow-cps@4106.v7a_8a_8176d450">
          <arguments>
            <entry>
              <string>message</string>
              <string>--- Fin des vérifications de qualité du code ---</string>
            </entry>
          </arguments>
          <sensitiveVariables/>
          <isUnmodifiedBySanitization>true</isUnmodifiedBySanitization>
        </cps.a.ArgumentsActionImpl>
        <wf.a.TimingAction plugin="workflow-api@1373.v7b_813f10efa_b_">
          <startTime>1747838400572</startTime>
        </wf.a.TimingAction>
        <s.a.LogStorageAction/>
      </actions>
    </Tag>
  </entry>
  <entry>
    <string>33</string>
    <Tag plugin="workflow-support@968.v8f17397e87b_8">
      <node class="cps.n.StepAtomNode" plugin="workflow-cps@4106.v7a_8a_8176d450">
        <parentIds>
          <string>32</string>
        </parentIds>
        <id>33</id>
        <descriptorId>org.jenkinsci.plugins.workflow.steps.EchoStep</descriptorId>
      </node>
      <actions>
        <cps.a.ArgumentsActionImpl plugin="workflow-cps@4106.v7a_8a_8176d450">
          <arguments>
            <entry>
              <string>message</string>
              <string>Nettoyage du conteneur Docker...</string>
            </entry>
          </arguments>
          <sensitiveVariables/>
          <isUnmodifiedBySanitization>true</isUnmodifiedBySanitization>
        </cps.a.ArgumentsActionImpl>
        <wf.a.TimingAction plugin="workflow-api@1373.v7b_813f10efa_b_">
          <startTime>1747838401143</startTime>
        </wf.a.TimingAction>
        <s.a.LogStorageAction/>
      </actions>
    </Tag>
  </entry>
  <entry>
    <string>34</string>
    <Tag plugin="workflow-support@968.v8f17397e87b_8">
      <node class="cps.n.StepAtomNode" plugin="workflow-cps@4106.v7a_8a_8176d450">
        <parentIds>
          <string>33</string>
        </parentIds>
        <id>34</id>
        <descriptorId>org.jenkinsci.plugins.workflow.steps.EchoStep</descriptorId>
      </node>
      <actions>
        <cps.a.ArgumentsActionImpl plugin="workflow-cps@4106.v7a_8a_8176d450">
          <arguments>
            <entry>
              <string>message</string>
              <string>Toutes les vérifications de qualité du code ont réussies !</string>
            </entry>
          </arguments>
          <sensitiveVariables/>
          <isUnmodifiedBySanitization>true</isUnmodifiedBySanitization>
        </cps.a.ArgumentsActionImpl>
        <wf.a.TimingAction plugin="workflow-api@1373.v7b_813f10efa_b_">
          <startTime>1747838401466</startTime>
        </wf.a.TimingAction>
        <s.a.LogStorageAction/>
      </actions>
    </Tag>
  </entry>
  <entry>
    <string>35</string>
    <Tag plugin="workflow-support@968.v8f17397e87b_8">
      <node class="cps.n.StepEndNode" plugin="workflow-cps@4106.v7a_8a_8176d450">
        <parentIds>
          <string>34</string>
        </parentIds>
        <id>35</id>
        <startId>20</startId>
      </node>
      <actions>
        <wf.a.BodyInvocationAction plugin="workflow-api@1373.v7b_813f10efa_b_"/>
        <wf.a.TimingAction plugin="workflow-api@1373.v7b_813f10efa_b_">
          <startTime>1747838401584</startTime>
        </wf.a.TimingAction>
      </actions>
    </Tag>
  </entry>
  <entry>
    <string>36</string>
    <Tag plugin="workflow-support@968.v8f17397e87b_8">
      <node class="cps.n.StepEndNode" plugin="workflow-cps@4106.v7a_8a_8176d450">
        <parentIds>
          <string>35</string>
        </parentIds>
        <id>36</id>
        <startId>19</startId>
      </node>
      <actions>
        <wf.a.TimingAction plugin="workflow-api@1373.v7b_813f10efa_b_">
          <startTime>1747838403193</startTime>
        </wf.a.TimingAction>
      </actions>
    </Tag>
  </entry>
  <entry>
    <string>37</string>
    <Tag plugin="workflow-support@968.v8f17397e87b_8">
      <node class="cps.n.StepEndNode" plugin="workflow-cps@4106.v7a_8a_8176d450">
        <parentIds>
          <string>36</string>
        </parentIds>
        <id>37</id>
        <startId>18</startId>
      </node>
      <actions>
        <wf.a.BodyInvocationAction plugin="workflow-api@1373.v7b_813f10efa_b_"/>
        <wf.a.TimingAction plugin="workflow-api@1373.v7b_813f10efa_b_">
          <startTime>1747838403385</startTime>
        </wf.a.TimingAction>
      </actions>
    </Tag>
  </entry>
  <entry>
    <string>38</string>
    <Tag plugin="workflow-support@968.v8f17397e87b_8">
      <node class="cps.n.StepEndNode" plugin="workflow-cps@4106.v7a_8a_8176d450">
        <parentIds>
          <string>37</string>
        </parentIds>
        <id>38</id>
        <startId>17</startId>
      </node>
      <actions>
        <wf.a.TimingAction plugin="workflow-api@1373.v7b_813f10efa_b_">
          <startTime>1747838405212</startTime>
        </wf.a.TimingAction>
      </actions>
    </Tag>
  </entry>
  <entry>
    <string>39</string>
    <Tag plugin="workflow-support@968.v8f17397e87b_8">
      <node class="cps.n.StepEndNode" plugin="workflow-cps@4106.v7a_8a_8176d450">
        <parentIds>
          <string>38</string>
        </parentIds>
        <id>39</id>
        <startId>11</startId>
      </node>
      <actions>
        <wf.a.BodyInvocationAction plugin="workflow-api@1373.v7b_813f10efa_b_"/>
        <wf.a.TimingAction plugin="workflow-api@1373.v7b_813f10efa_b_">
          <startTime>1747838405410</startTime>
        </wf.a.TimingAction>
      </actions>
    </Tag>
  </entry>
  <entry>
    <string>40</string>
    <Tag plugin="workflow-support@968.v8f17397e87b_8">
      <node class="cps.n.StepEndNode" plugin="workflow-cps@4106.v7a_8a_8176d450">
        <parentIds>
          <string>39</string>
        </parentIds>
        <id>40</id>
        <startId>10</startId>
      </node>
      <actions>
        <wf.a.TimingAction plugin="workflow-api@1373.v7b_813f10efa_b_">
          <startTime>1747838407205</startTime>
        </wf.a.TimingAction>
      </actions>
    </Tag>
  </entry>
  <entry>
    <string>41</string>
    <Tag plugin="workflow-support@968.v8f17397e87b_8">
      <node class="cps.n.StepEndNode" plugin="workflow-cps@4106.v7a_8a_8176d450">
        <parentIds>
          <string>40</string>
        </parentIds>
        <id>41</id>
        <startId>4</startId>
      </node>
      <actions>
        <wf.a.BodyInvocationAction plugin="workflow-api@1373.v7b_813f10efa_b_"/>
        <wf.a.TimingAction plugin="workflow-api@1373.v7b_813f10efa_b_">
          <startTime>1747838407385</startTime>
        </wf.a.TimingAction>
      </actions>
    </Tag>
  </entry>
  <entry>
    <string>42</string>
    <Tag plugin="workflow-support@968.v8f17397e87b_8">
      <node class="cps.n.StepEndNode" plugin="workflow-cps@4106.v7a_8a_8176d450">
        <parentIds>
          <string>41</string>
        </parentIds>
        <id>42</id>
        <startId>3</startId>
      </node>
      <actions>
        <wf.a.TimingAction plugin="workflow-api@1373.v7b_813f10efa_b_">
          <startTime>1747838408799</startTime>
        </wf.a.TimingAction>
      </actions>
    </Tag>
  </entry>
  <entry>
    <string>43</string>
    <Tag plugin="workflow-support@968.v8f17397e87b_8">
      <node class="org.jenkinsci.plugins.workflow.graph.FlowEndNode" plugin="workflow-api@1373.v7b_813f10efa_b_">
        <parentIds>
          <string>42</string>
        </parentIds>
        <id>43</id>
        <startId>2</startId>
        <result>
          <name>SUCCESS</name>
          <ordinal>0</ordinal>
          <color>BLUE</color>
          <completeBuild>true</completeBuild>
        </result>
      </node>
      <actions>
        <wf.a.TimingAction plugin="workflow-api@1373.v7b_813f10efa_b_">
          <startTime>1747838408913</startTime>
        </wf.a.TimingAction>
      </actions>
    </Tag>
  </entry>
</linked-hash-map>