{
  "AWSEBDockerrunVersion": "2",
  "containerDefinitions": [
    {
      "name": "mysql-container",
      "image": "mysql:5.7",
      "essential": true,
      "memory": 1024,
      "portMappings": [
        {
          "hostPort": 3306,
          "containerPort": 3306
        }
      ],
      "environment": [
        {
          "name": "MYSQL_ROOT_PASSWORD",
          "value": "root"
        },
        {
          "name": "MYSQL_DATABASE",
          "value": "jdr_generator_db"
        }
      ],
      "mountPoints": [
        {
          "sourceVolume": "mysql-data",
          "containerPath": "/var/lib/mysql"
        }
      ]
    },
    {
      "name": "api-container",
      "image": "eli256/jdr-generator-api@sha256:4cf1c1e5c848552caf3b9614843a1e40c8943fad84d8d889531eec079065dcaf",
      "essential": true,
      "memory": 2048,
      "portMappings": [
        {
          "hostPort": 8080,
          "containerPort": 8080
        }
      ],
      "environment": [
        {
          "name": "GEMINI_API_URL",
          "value": "http://gemini-container:3001/gemini"
        },
        {
          "name": "OPENAI_API_URL",
          "value": "http://openai-container:3002/openai"
        },
        {
          "name": "SPRING_DATASOURCE_URL",
          "value": "jdbc:mysql://mysql-container:3306/jdr_generator_db?verifyServerCertificate=false&autoReconnect=true&useSSL=false&requireSSL=false&serverTimezone=Europe/Amsterdam&connectTimeout=5000&socketTimeout=5000"
        },
        {
          "name": "SPRING_DATASOURCE_USERNAME",
          "value": "root"
        },
        {
          "name": "SPRING_DATASOURCE_PASSWORD",
          "value": "root"
        },
        {
          "name": "SPRING_JPA_HIBERNATE_DDL_AUTO",
          "value": "none"
        },
        {
          "name": "SPRING_PROFILES_ACTIVE",
          "value": "prod"
        }
      ],
      "links": [
        "mysql-container"
      ]
    },
    {
      "name": "web-container",
      "image": "eli256/jdr-generator-web@sha256:0598c5f80d65e71cd048516f960dafd6f07477a8ee625983acd9b870ed254015",
      "essential": true,
      "memory": 1024,
      "portMappings": [
        {
          "hostPort": 80,
          "containerPort": 80
        }
      ],
      "environment": [
        {
          "name": "VITE_API_URL",
          "value": "http://api-container:8080"
        }
      ],
      "links": [
        "api-container"
      ]
    },
    {
      "name": "gemini-container",
      "image": "eli256/jdr-generator-gemini@sha256:14be8ea42a7cb741a09e77f3e1dfb7677af39a200313a024899fb7d6f73fe2ba",
      "essential": true,
      "memory": 1024,
      "portMappings": [
        {
          "hostPort": 3001,
          "containerPort": 3001
        }
      ],
      "environment": [
        {
          "name": "PORT",
          "value": "3001"
        }
      ]
    },
    {
      "name": "openai-container",
      "image": "eli256/jdr-generator-openai@sha256:4b490f84ba40c31ff06f97e641328557a57199a4e21a24681a2b00223f640f36",
      "essential": true,
      "memory": 1024,
      "portMappings": [
        {
          "hostPort": 3002,
          "containerPort": 3002
        }
      ],
      "environment": [
        {
          "name": "PORT",
          "value": "3002"
        }
      ]
    }
  ],
  "volumes": [
    {
      "name": "mysql-data",
      "host": {
        "sourcePath": "/var/lib/mysql"
      }
    }
  ]
}